URI, Artist,Song,Cluster
spotify:track:3IvMYBE7A3c7to1aEcfFJk, Drake, Deep Pockets, 3
spotify:track:5TCBWmEBrin7etRa4Lswr1, Drake, When To Say When, 3
spotify:track:4wVOKKEHUJxHCFFNUWDn0B, Drake, Chicago Freestyle (feat. Giveon), 3
spotify:track:3Q4gttWQ6hxqWOa3tHoTNi, Drake, Not You Too (feat. Chris Brown), 1
spotify:track:466cKvZn1j45IpxDdYZqdA, Drake, Toosie Slide, 7
spotify:track:7eYAHC0RbBF9eaqWzT34Aq, Drake, Desires (with Future), 7
spotify:track:5H4mXWKcicuLKDn4Jy0sK7, Drake, Time Flies, 0
spotify:track:3KixNgUEaDtrKJVzdqjU5q, Drake, Landed, 5
spotify:track:5fHrHoJKfCgBd35zwIBmUK, Drake, D4L, 0
spotify:track:6Kj17Afjo1OKJYpf5VzCeo, Drake, Pain 1993 (with Playboi Carti), 5
spotify:track:6fLVTVaHWaEfVKfEgbkf4D, Drake, Losses, 1
spotify:track:0YkUwXxnTkeJBvt5upeEtP, Drake, From Florida With Love, 7
spotify:track:05aZ9sAU1YXndHv0FMi9iW, Drake, Demons (feat. Fivio Foreign & Sosa Geek), 3
spotify:track:1I55Ea0zVoSKs6MqW7DQ3i, Drake, War, 0
spotify:track:1qyFlfPREPbRcS2BNszdYI, Drake, Dreams Money Can Buy, 1
spotify:track:0Tacxc5lDJ8LwiO1pWNSl8, Drake, The Motion, 7
spotify:track:4n4BflhWjCHIxrI4v7Xt9s, Drake, How Bout Now, 7
spotify:track:4Wjhj0WjkyECccfHVIgaTq, Drake, Trust Issues, 8
spotify:track:4czcw3NVLY0of5hTD7OufN, Drake, Days in The East, 4
spotify:track:3W3FVHEDetkiRkkGKDmdir, Drake, Draft Day, 1
spotify:track:6C9SwoZ5OrxcvkntgA5t8s, Drake, 4pm in Calabasas, 7
spotify:track:0FnxK9FEAQyPJ284QcieNb, Drake, 5 Am in Toronto, 3
spotify:track:3sMC6vfTTSa0mMAPTwzDVD, Drake, I Get Lonely, 1
spotify:track:4alHkxxwAhvoGg3dJCATKV, Drake, My Side, 8
spotify:track:2xUHiyGeGrWmmfv7NbDTWC, Drake, Jodeci Freestyle (feat. J. Cole), 1
spotify:track:6MR5IBSNfDmiwnrlQpVw4w, Drake, Club Paradise, 8
spotify:track:18t8ypY0HYaQuGBxg2KdT2, Drake, Free Spirit (feat. Rick Ross), 1
spotify:track:27Tqjd2nMW2mIp6Yk1ovwY, Drake, Heat Of The Moment, 4
spotify:track:56NDFbD0tCUawnqeU2wcvv, Drake, Girls Love Beyoncé (feat. James Fauntleroy), 3
spotify:track:73IE87H0g2MBmdn41lkVto, Drake, Paris Morton Music, 1
spotify:track:3e0ZGE7Gp034iLknjQk4QW, Drake, Can I, 0
spotify:track:4Oqhd37CXCG6qYbmHGzJJ5, Drake, Lust For Life, 0
spotify:track:7i2X27hQnVtr5emUBXMnnz, Drake, Houstatlantavegas, 8
spotify:track:3tbqvZYf7mcIrbLvjzokhv, Drake, Successful (feat. Trey Songz & Lil Wayne), 4
spotify:track:3baJKX6yyPUT92zNStX5z6, Drake, Let’s Call It Off (feat. Peter Bjorn and John), 7
spotify:track:2vHmE2q0EYbw0F8asrHPmW, Drake, November 18th, 0
spotify:track:2h65kdqlhMRtp5l5qIFA9v, Drake, Ignant Shit (feat. Lil Wayne), 2
spotify:track:1bMYRdTXYdj7KSu4r0O3IQ, Drake, A Night Off (feat. Lloyd), 0
spotify:track:2p0KdK06O9KUMCQ0gsFF0P, Drake, Say Whats Real, 7
spotify:track:1uBaQNOsRatk1bBTBJnKek, Drake, Little Bit (feat. Lykke Li), 7
spotify:track:4AcScHuxr9xAqqyxxTMAhu, Drake, Best I Ever Had, 1
spotify:track:3DQb8H8mBaxXtrpwZWfen1, Drake, Unstoppable (feat. Santigold & Lil Wayne), 3
spotify:track:6xTROKXoqNjGhFNIjfoDO2, Drake, Uptown (feat. Bun B & Lil Wayne), 4
spotify:track:12iCwfAxGDFvpU7aTusAle, Drake, Sooner Than Later, 1
spotify:track:3x8P00PKvIL9w7Z3XI9zyW, Drake, Brias Interlude (feat. Omarion), 5
spotify:track:71tHNdPFrCNiulvoKzeEuk, Drake, The Calm, 7
spotify:track:5hKi8LHc2GF5v9TSsvgZaf, Drake, Outro (feat. Chilly Gonzales), 0
spotify:track:18Dv8QiJUFh0erAN0R7jDh, Drake, Brand New, 3
spotify:track:0ISIeXBvGQIcQGYfR56jy8, Drake, Congratulations, 2
spotify:track:2yg9UN4eo5eMVJ7OB4RWj3, Drake, Survival, 5
spotify:track:0TlLq3lA83rQOYtrqBqSct, Drake, Nonstop, 7
spotify:track:3szf2z1Cy1QMrtHrbn8rz9, Drake, Elevate, 0
spotify:track:5Psnhdkyanjpgc2P8A5TSM, Drake, Emotionless, 2
spotify:track:6DCZcSspjsKoFjzjrWoCdn, Drake, Gods Plan, 0
spotify:track:3qN5qMTKyEEmiTZD38BNTT, Drake, Im Upset, 3
spotify:track:0zqy3ss4CwD6u4QPksS0nI, Drake, 8 Out Of 10, 0
spotify:track:7rC5Pl8rQSX4myONQHYPBK, Drake, Mob Ties, 3
spotify:track:1dUHF4RyMmMTveJ0Rby6Xm, Drake, Can’t Take A Joke, 5
spotify:track:6cblRiEGDRNZgowcm951R3, Drake, Sandra’s Rose, 3
spotify:track:4ksuI04WMvUnJbHQjgs3L5, Drake, Talk Up (feat. Jay-Z), 3
spotify:track:1Tnw0ItH1Macok8gblnPPd, Drake, Is There More, 7
spotify:track:11L064movtyopGdLiX4sVg, Drake, Peak, 3
spotify:track:4HG1YiGBseVKzjyKcmAJen, Drake, Summer Games, 7
spotify:track:4c2xt1trwYZpMqPWY35Xi9, Drake, Jaded, 1
spotify:track:3CA9pLiwRIGtUBiMjbZmRw, Drake, Nice For What, 3
spotify:track:2WP8G2pdddDmnh1xbfKBOI, Drake, Finesse, 0
spotify:track:4SUwJA3eUVNHExxMPEUhQe, Drake, Ratchet Happy Birthday, 3
spotify:track:41a7dZcq30Ss5kPMayWRV0, Drake, That’s How You Feel, 5
spotify:track:4n1bdaKwynQndm47x5HqWX, Drake, Blue Tint, 5
spotify:track:2G7V7zsVDxg1yRsu7Ew9RJ, Drake, In My Feelings, 3
spotify:track:6G8kHiVZ1jW7vHMPVRNZU0, Drake, Don’t Matter To Me (with Michael Jackson), 7
spotify:track:3mvYQKm8h6M5K5h0nVPY9S, Drake, After Dark (feat. Static Major & Ty Dolla $ign), 8
spotify:track:44Du2IM1bGY7dicmLfXbUs, Drake, Final Fantasy, 3
spotify:track:09lmraDvzBT3pUQ2rUtJzK, Drake, March 14, 2
spotify:track:05KOgYg8PGeJyyWBPi5ja8, Drake, Free Smoke, 3
spotify:track:6CfrYuD3YRDYdYvH9jNtXY, Drake, No Long Talk, 5
spotify:track:5mCPDVBb16L4XQwDdbRUpz, Drake, Passionfruit, 8
spotify:track:13e6f8t7RKXuxZ0JdaaJRG, Drake, Jorja Interlude, 6
spotify:track:7y6c07pgjZvtHI9kuMVqk1, Drake, Get It Together, 1
spotify:track:76gUmNLXGQVOsGhfcshkFP, Drake, Madiba Riddim, 3
spotify:track:2XlHu0HcujBCkWMdIAvrqt, Drake, Blem, 3
spotify:track:2fkeWbM6iqTw7oGHTYm2lw, Drake, 4422, 0
spotify:track:6UjfByV1lDLW0SOVQA4NAi, Drake, Gyalchester, 0
spotify:track:2dfqS3MRtbLZSZA1IL8xY5, Drake, Skepta Interlude, 5
spotify:track:2bjwRfXMk4uRgOD9IBYl9h, Drake, Portland, 7
spotify:track:0xl1w2q4VLojeXp4JfazPL, Drake, Sacrifices, 2
spotify:track:6MbH1QiphMCPTqVEVC7UYi, Drake, Nothings Into Somethings, 5
spotify:track:6n3HGiq4v35D6eFOSwqYuo, Drake, Teenage Fever, 3
spotify:track:2jTujnt0y344ai1rNOywgr, Drake, KMT, 5
spotify:track:2Na0z2gfN67Rzf0vp74Wi3, Drake, Lose You, 2
spotify:track:5f5r2N4Lp9WoULWPH9zp2W, Drake, Cant Have Everything, 7
spotify:track:28irpKCCK9nn9DZSik2zEx, Drake, Glow, 3
spotify:track:5JUu0unA8VwhTZ9LkMWUVI, Drake, Since Way Back, 4
spotify:track:343YBumqHu19cGoGARUTsd, Drake, Fake Love, 3
spotify:track:7bJ4mu7MHa3rHiNyKjOoSl, Drake, Ice Melts, 1
spotify:track:2KvHC9z14GSl4YpkNMX384, Drake, Do Not Disturb, 8
spotify:track:0AAyo5bMIVgVxv9DF6XV2B, Drake, Keep The Family Close, 2
spotify:track:4uCAKqQQYJaIvyzq4sZkaO, Drake, 9, 1
spotify:track:4MSjMv3kpbLEeyGfIh52qH, Drake, U With Me?, 8
spotify:track:12C1XYFQGZYXRYJNbsgDc7, Drake, Feel No Ways, 7
spotify:track:07GilNHSfS5oicUgHgU7VG, Drake, Hype, 3
spotify:track:0P7HlSwSY8mJCWIk4yunb0, Drake, Weston Road Flows, 1
spotify:track:6qGgrhiZ20Qrir3MNGUJq4, Drake, Redemption, 2
spotify:track:5PMNu7kMZ4msbxiKnDTOt0, Drake, With You, 0
spotify:track:4dWVEAVhqNUjvsBHUo477f, Drake, Faithful, 8
spotify:track:4YJmZfvlheSziXem8HBWrj, Drake, Still Here, 0
spotify:track:4CpKEkdGbOJV51cSvx7SoG, Drake, Controlla, 7
spotify:track:12VWzyPDBCc8fqeWCAfNwR, Drake, One Dance, 0
spotify:track:2JfeUjJvP1lJkCSne9g0de, Drake, Grammys, 3
spotify:track:0k9RIzZtAo4DTQu0ZM6lNZ, Drake, Childs Play, 7
spotify:track:334S9SWZMjyRDN0wrHw7wk, Drake, Pop Style, 3
spotify:track:7fJtPlEZKxu6gvkfBFc5tW, Drake, Too Good, 1
spotify:track:04CpzA2BdOLEz7EMp5uwTU, Drake, Summers Over Interlude, 6
spotify:track:4bEGp4AapA0B3Q5PpnSq3K, Drake, Fire & Desire, 7
spotify:track:6oeCLDX1ML2tPOPT1JuyaJ, Drake, Views, 2
spotify:track:1OAYKfE0YdrN7C1yLWaLJo, Drake, Hotline Bling, 1
spotify:track:0v0QJqLvo3tnqwYLdLqdza, Drake, Digital Dash, 7
spotify:track:3dnM2j3WBCn2biJgiuxhnB, Drake, Big Rings, 3
spotify:track:5XdFLE07JRgMk5LLSjjmAT, Drake, Live From The Gutter, 3
spotify:track:4HP4mKLUCZcoHlZAWvdhRN, Drake, Diamonds Dancing, 2
spotify:track:6DGV9o1qFcx18O6uRIeCBM, Drake, Scholarships, 3
spotify:track:3MTZYvIcZXwmc8tFrAr9bA, Drake, Plastic Bag, 3
spotify:track:67KJIWrUpIG3ONOpZpvVbR, Drake, Im The Plug, 0
spotify:track:1CEPBDQk2rU9bIBwcsXkOM, Drake, Change Locations, 3
spotify:track:6ApJN7sbsgAKwO29JbSLiK, Drake, Jumpman, 3
spotify:track:6Dw7JdhiiMjx2gWrwfeFYL, Drake, Jersey, 0
spotify:track:1svrFSGhPdKaFFinZSoltt, Drake, 30 for 30 Freestyle, 1
spotify:track:1ID1QFSNNxi0hiZCNcwjUC, Drake, Legend, 7
spotify:track:79XrkTOfV1AqySNjVlygpW, Drake, Energy, 0
spotify:track:12d5QFwzh60IIHlsSnAvps, Drake, 10 Bands, 0
spotify:track:5InOp6q2vvx0fShv3bzFLZ, Drake, Know Yourself, 8
spotify:track:2durxb17bXcmQJHSt8JAdO, Drake, No Tellin, 2
spotify:track:4v7SAP4KD96BFLWiCd1vF0, Drake, Madonna, 0
spotify:track:3a8tAZFJxlmBwOtrf5L1oC, Drake, 6 God, 0
spotify:track:2mmUoyPxzbxehpfm1TpTRK, Drake, Star67, 8
spotify:track:1OHoBC4icbuNhpSxP400sv, Drake, Preach, 7
spotify:track:6oLHyWvmk6bKrA91EIYZBp, Drake, Wednesday Night Interlude, 3
spotify:track:63p3Slj0shAFP0Q7dQetj5, Drake, Used To, 1
spotify:track:4kdfjhj9xNkYU0R8xlDy8k, Drake, 6 Man, 5
spotify:track:4zLOwx1yRJXWkHKt1XzF1p, Drake, Now & Forever, 8
spotify:track:6ImxYXeLDQPIv4qo7bMhSk, Drake, Company, 1
spotify:track:2YaDRtIlQiZ5WDDB2YuEOC, Drake, You & The 6, 1
spotify:track:7JXZq0JgG2zTrSOAgY8VMC, Drake, Jungle, 2
spotify:track:5mZJwWdxAOR4xUvSGZvvMU, Drake, 6PM In New York, 8
spotify:track:69gz9onZQNVw55cMQsaYii, Drake, Tuscan Leather, 4
spotify:track:6s64FyS9n0XYbGMLH3LOWU, Drake, Furthest Thing, 1
spotify:track:3dgQqOiQ9fCKVhNOedd2lf, Drake, Started From the Bottom, 0
spotify:track:1HnhCD1u0c4dHSMazmWGyM, Drake, Wu-Tang Forever, 3
spotify:track:3EJ9ZuqkL1kwgouugqsLu8, Drake, Own It, 1
spotify:track:3X37NtwadSS0RM20dh2IgP, Drake, Worst Behavior, 1
spotify:track:2WC4sK0ryyysQhtDok9Ytr, Drake, From Time, 2
spotify:track:6jdOi5U5LBzQrc4c1VT983, Drake, Hold On Were Going Home, 7
spotify:track:1Sj81sMg37Hd4omn7Ow2qR, Drake, Connect, 8
spotify:track:5dHpbFmZjWucrol0M7aNGU, Drake, The Language, 3
spotify:track:5wTRsfZKeaQnQn8JeW8QYQ, Drake, 305 To My City, 1
spotify:track:5LnXWeA9tuWKI2C1H74iiJ, Drake, Too Much, 1
spotify:track:4RI9eX7jNcdaQOJifn7t6z, Drake, Pound Cake / Paris Morton Music 2, 9
spotify:track:5Ggfa9cpkpfp5D6Rg0Yyw1, Drake, Come Thru, 7
spotify:track:5ngydCLbzCEdtu8SEOXhPU, Drake, All Me, 1
spotify:track:3t8pnImpBpOwxdtYBpKvA9, Drake, The Motion, 7
